epoch,step,val/acc,val/acc_best,val/best_F1,val/f1,val/loss
0,0,0.4591127634048462,0.4591127634048462,0.4591127634048462,0.4591127634048462,1.604404091835022
